video_id,title,description,tags,category_id,channel_title,published_at,views,likes,comments_count,platform,fetched_at,duration
W3fR4UiEc4Y,"ISU ROHINGYA | Ada Mohon Jadi AJK Kampung, Laksana Solat Jumaat - ADUN Duyong","Kewujudan komuniti Rohingya di beberapa kawasan di Melaka, disifatkan semakin membimbangkan, susulan pelbagai isu yang timbul. #BuletinTV3 #Rohingya #Melaka #IsuMembimbangkan

====================

Dapatkan berita terkini, tepat dan sahih dengan ‘SUBSCRIBE’ YouTube Buletin TV3

IKUTI kami di:
Facebook : https://www.facebook.com/BuletinTV3Official/
Twitter : https://twitter.com/BuletinTV3
Instagram : https://www.instagram.com/buletintv3/
Website : https://www.buletintv3.my
TikTok : https://www.tiktok.com/@buletintv3
Telegram : https://t.me/BuletinTV3Official
Whatsapp Channel : https://bit.ly/3SZnJ5L
LUMI : https://bit.ly/3ZhzNBm

Lagi berita terkini dan komprehensif, layari www.buletintv3.my #BuletinTV3 #BeritaTerkini","['BU', 'Buletin TV3', 'buletin utama', 'buletintv3', 'butv3']",25,Buletin TV3,2026-06-15T01:52:40Z,4835,67,85,Regular,2026-06-16 01:35:31,PT1M26S
J2DugHVUD0w,"Only 0.02pct of crimes involve Rohingya, says IGP","Only 0.02 per cent of crimes committed in Malaysia involve Rohingya individuals, according to Inspector-General of Police Tan Sri Mohd Khalid Ismail. He said crime should not be generalised to an entire community and stressed that enforcement actions are taken against individuals who break the law, regardless of nationality. 

The IGP also reiterated that the Rohingya issue requires a comprehensive and coordinated approach involving multiple agencies and regional cooperation, given its humanitarian, security and immigration dimensions.

Read more at:
https://www.nst.com.my/news/nation/2026/06/1463808/only-002pct-crimes-involve-rohingya-says-igp

----------------------------------
#NST #NSTTV #NSTOnline #Rohingya #IGP #PDRM #MalaysiaNews #CrimeStatistics #LawEnforcement #NationalSecurity #CurrentAffairs

visit us at http://www.nst.com.my 
our Facebook http://www.facebook.com/nstonline
more news at  http://www.twitter.com/NST_Online 
Instagram http://www.instagram.com/nstonline
and also Tiktok https://www.tiktok.com/@nstonline","['nstonline', 'NST', 'New Straits Times', 'news', 'BTH', '#BeyondTheHeadlines']",25,NST Online,2026-06-15T08:09:04Z,1506,20,9,Short,2026-06-16 01:35:31,PT1M3S
krqKemvnTRc,Humble alkaline water dumpling remains popular,"The humble kee chang took centre stage at a Dragon Boat Festival event organised by the Penang Chinese Town Hall, where visitors were introduced to the traditional alkaline water dumpling and its cultural significance.

Read more at https://tinyurl.com/3jj87b33

WATCH MORE: https://thestartv.com/c/news
SUBSCRIBE: https://cutt.ly/TheStar
LIKE: https://fb.com/TheStarOnline","['news', 'the star tv', 'the star', 'thestartv', 'kee chang', 'penang', 'boat festival', 'traditional', 'dumpling', 'alkaline water', 'culture']",25,The Star,2026-06-15T12:00:20Z,456,7,0,Regular,2026-06-16 01:35:31,PT1M28S
ZcFx6VamvNI,ISU ROHINGYA | Penempatan Wujud Di Hampir Semua Daerah Di Selangor (BU),"Di Selangor, penempatan etnik Rohingya dikesan di hampir seluruh daerah di negeri itu.


#IsuRohingya #PenempatanHaram #PolisSelangor #EtnikRohingya #BuletinUtama
====================

Dapatkan berita terkini, tepat dan sahih dengan ‘SUBSCRIBE’ YouTube Buletin TV3

IKUTI kami di:
Facebook : https://www.facebook.com/BuletinTV3Official/
Twitter : https://twitter.com/BuletinTV3
Instagram : https://www.instagram.com/buletintv3/
Website : https://www.buletintv3.my
TikTok : https://www.tiktok.com/@buletintv3
Telegram : https://t.me/BuletinTV3Official
Whatsapp Channel : https://bit.ly/3SZnJ5L
LUMI : https://bit.ly/3ZhzNBm

Lagi berita terkini dan komprehensif, layari www.buletintv3.my #BuletinTV3 #BeritaTerkini","['BU', 'Buletin TV3', 'buletin utama', 'buletintv3', 'butv3']",25,Buletin TV3,2026-06-15T12:25:53Z,1061,23,36,Regular,2026-06-16 01:35:31,PT57S
mom1SArXBiQ,"PERANG ASIA BARAT | AS-Iran Capai Kesepakatan, Perjanjian Damai Dimeterai Jumaat Ini (BU)","Amerika Syarikat dan Iran bersetuju memeterai Memorandum Persefahaman Jumaat ini, bagi menamatkan perang yang berlarutan lebih tiga bulan.


#PerangAsiaBarat #PerjanjianDamai #AmerikaIran #BuletinUtama
====================

Dapatkan berita terkini, tepat dan sahih dengan ‘SUBSCRIBE’ YouTube Buletin TV3

IKUTI kami di:
Facebook : https://www.facebook.com/BuletinTV3Official/
Twitter : https://twitter.com/BuletinTV3
Instagram : https://www.instagram.com/buletintv3/
Website : https://www.buletintv3.my
TikTok : https://www.tiktok.com/@buletintv3
Telegram : https://t.me/BuletinTV3Official
Whatsapp Channel : https://bit.ly/3SZnJ5L
LUMI : https://bit.ly/3ZhzNBm

Lagi berita terkini dan komprehensif, layari www.buletintv3.my #BuletinTV3 #BeritaTerkini","['BU', 'Buletin TV3', 'buletin utama', 'buletintv3', 'butv3']",25,Buletin TV3,2026-06-15T12:19:41Z,1287,42,5,Regular,2026-06-16 01:35:31,PT6M32S
OvinlFvCPVs,"Oil slips 4% as US, Iran reach peace deal to reopen Strait of Hormuz","Oil prices fell to their lowest level since March on Monday (June 15) after signs of a potential breakthrough in efforts to end the conflict between the United States and Iran and restore shipping through the Strait of Hormuz.

WATCH MORE: https://thestartv.com/c/news
SUBSCRIBE: https://cutt.ly/TheStar
LIKE: https://fb.com/TheStarOnline","['news', 'the star tv', 'the star', 'thestartv', 'us', 'iran', 'peace deal', 'war', 'strait of hormuz', 'oil', 'crude', 'price', 'drop', 'inflation', 'economy']",25,The Star,2026-06-15T10:11:13Z,460,1,0,Regular,2026-06-16 01:35:31,PT1M46S
dVHBYhtOIN8,"Urban poor not sidelined, Bukit Kiara project proves rights upheld","Prime Minister Datuk Seri Anwar Ibrahim said the Bukit Kiara development demonstrates the government's commitment to ensuring that the urban poor are not sidelined in the country's development agenda. 

He stressed that development must be inclusive and benefit all segments of society, particularly lower-income groups. 

Anwar said the project reflects the government's efforts to balance economic growth, housing needs and social equity, while ensuring that opportunities and basic amenities remain accessible to those in need.

Read more at:
https://www.nst.com.my/news/nation/2026/06/1463926/updated-anwar-urban-poor-not-sidelined-bukit-kiara-project-proves


----------------------------------
#NST #NSTTV #NSTOnline #AnwarIbrahim #PMX #MalaysiaMadani #AffordableHousing #UrbanPoor #BukitKiara #HousingForAll #KualaLumpur

visit us at http://www.nst.com.my 
our Facebook http://www.facebook.com/nstonline
more news at  http://www.twitter.com/NST_Online 
Instagram http://www.instagram.com/nstonline
and also Tiktok https://www.tiktok.com/@nstonline","['nstonline', 'NST', 'New Straits Times', 'news', 'BTH', '#BeyondTheHeadlines']",25,NST Online,2026-06-15T10:50:03Z,1008,5,1,Short,2026-06-16 01:35:31,PT1M16S
GKcRFAwnnpE,KEMALANGAN NGERI | Jenazah 4 Sekeluarga Selamat Dikebumikan Dalam Satu Liang Lahad (BU),"Jenazah empat sekeluarga yang maut dalam nahas ngeri dekat Bentong, semalam, selamat dikebumikan.


#KemalanganNgeri #NahasBukitTinggi #EmpatSekeluarga #SatuLiangLahad #BuletinUtama
====================

Dapatkan berita terkini, tepat dan sahih dengan ‘SUBSCRIBE’ YouTube Buletin TV3

IKUTI kami di:
Facebook : https://www.facebook.com/BuletinTV3Official/
Twitter : https://twitter.com/BuletinTV3
Instagram : https://www.instagram.com/buletintv3/
Website : https://www.buletintv3.my
TikTok : https://www.tiktok.com/@buletintv3
Telegram : https://t.me/BuletinTV3Official
Whatsapp Channel : https://bit.ly/3SZnJ5L
LUMI : https://bit.ly/3ZhzNBm

Lagi berita terkini dan komprehensif, layari www.buletintv3.my #BuletinTV3 #BeritaTerkini","['BU', 'Buletin TV3', 'buletin utama', 'buletintv3', 'butv3']",25,Buletin TV3,2026-06-15T12:20:39Z,2313,55,7,Regular,2026-06-16 01:35:31,PT1M13S
qLWl7HgdAn0,Here are the top 3 #StatePolls2026 stories for June 15,"Stay up to date with our daily 2026 state polls coverage at elections.thestar.com.my or https://www.thestar.com.my/tag/State+Polls+2026

WATCH MORE: https://thestartv.com/c/news
SUBSCRIBE: https://cutt.ly/TheStar
LIKE: https://fb.com/TheStarOnline","['news', 'the star tv', 'the star']",25,The Star,2026-06-15T12:31:34Z,1160,2,0,Short,2026-06-16 01:35:31,PT31S
ky0mfJcFdS8,KEMALANGAN MAUT | Keluarga Mahu Tindakan Tegas Terhadap Pemandu Treler,"====================

Dapatkan berita terkini, tepat dan sahih dengan ‘SUBSCRIBE’ YouTube Buletin TV3

Lagi berita terkini dan komprehensif, layari www.buletintv3.my

IKUTI kami di:
Facebook : https://www.facebook.com/BuletinTV3Official/
Twitter : https://twitter.com/BuletinTV3
Instagram : https://www.instagram.com/buletintv3/
Website : https://www.buletintv3.my
TikTok  : https://www.tiktok.com/@buletintv3 
Telegram : https://t.me/BuletinTV3Official
Whatsapp Channel : https://bit.ly/3SZnJ5L

#BuletinTV3 #TV3 #BuletinUtama","['Buletin TV3', 'berita semasa', 'berita terkini', 'perkembangan semasa', 'buletin malaysia', 'berita malaysia', 'tonton', 'ntv7', '8tv', 'astro awani', 'berita rtm', 'berita tv9', 'news Malaysia', 'news malay', 'news mpb', 'trending nombor 1', 'trending', 'trending worldwide']",25,Buletin TV3,2026-06-15T13:37:33Z,5556,163,4,Short,2026-06-16 01:35:31,PT1M17S
8HTSoQEn38E,ISU ROHINGYA | Hampir Setiap Warga Myanmar Cuba Seludup Masuk Melalui Tak Bai - Polis (BU),"Polis Kelantan mendedahkan cubaan menyeludup masuk warga Myanmar, termasuk etnik Rohingya ke negeri berkenaan, berlaku hampir setiap hari melalui Tak Bai, Thailand.


#IsuRohingya #SempadanNegara #PolisKelantan #PenyeludupanWargaAsing #BuletinUtama
====================

Dapatkan berita terkini, tepat dan sahih dengan ‘SUBSCRIBE’ YouTube Buletin TV3

IKUTI kami di:
Facebook : https://www.facebook.com/BuletinTV3Official/
Twitter : https://twitter.com/BuletinTV3
Instagram : https://www.instagram.com/buletintv3/
Website : https://www.buletintv3.my
TikTok : https://www.tiktok.com/@buletintv3
Telegram : https://t.me/BuletinTV3Official
Whatsapp Channel : https://bit.ly/3SZnJ5L
LUMI : https://bit.ly/3ZhzNBm

Lagi berita terkini dan komprehensif, layari www.buletintv3.my #BuletinTV3 #BeritaTerkini","['BU', 'Buletin TV3', 'buletin utama', 'buletintv3', 'butv3']",25,Buletin TV3,2026-06-15T12:25:14Z,686,19,9,Regular,2026-06-16 01:35:31,PT1M6S
mgVnMZ03DaE,RUMAH PANJANG BUKIT KIARA | 98 Keluarga Bakal Terima Kediaman Kekal Selepas 44 Tahun Menanti (BU),"Hak golongan miskin bandar untuk menikmati kehidupan yang lebih baik dan sempurna tidak pernah dipinggirkan kerajaan.  


#RumahPanjang #BukitKiara #KediamanKekal #MiskinBandar #BuletinUtama
====================

Dapatkan berita terkini, tepat dan sahih dengan ‘SUBSCRIBE’ YouTube Buletin TV3

IKUTI kami di:
Facebook : https://www.facebook.com/BuletinTV3Official/
Twitter : https://twitter.com/BuletinTV3
Instagram : https://www.instagram.com/buletintv3/
Website : https://www.buletintv3.my
TikTok : https://www.tiktok.com/@buletintv3
Telegram : https://t.me/BuletinTV3Official
Whatsapp Channel : https://bit.ly/3SZnJ5L
LUMI : https://bit.ly/3ZhzNBm

Lagi berita terkini dan komprehensif, layari www.buletintv3.my #BuletinTV3 #BeritaTerkini","['BU', 'Buletin TV3', 'buletin utama', 'buletintv3', 'butv3']",25,Buletin TV3,2026-06-15T12:30:28Z,216,4,0,Regular,2026-06-16 01:35:31,PT1M59S
kgx1w5AtWpA,"Stocks surge, oil tumbles after news of Iran-US deal","Share markets surged in Asia on Monday (June 15) while the dollar slipped and oil prices tumbled as a tentative peace deal between the United States and Iran promised to ease inflationary pressures globally and lessen the need for higher interest rates.

WATCH MORE: https://thestartv.com/c/news
SUBSCRIBE: https://cutt.ly/TheStar
LIKE: https://fb.com/TheStarOnline","['news', 'the star tv', 'the star', 'thestartv', 'hormuz', 'oil', 'stocks', 'asia', 'trump', 'iran', 'peace', 'war', 'lebanon', 'israel']",25,The Star,2026-06-15T03:52:16Z,541,8,0,Regular,2026-06-16 01:35:31,PT1M48S
4EKNbKfQfvE,"CAJ RM1 | Pengeluaran Wang Tunai Percuma Di Semua Mesin ATM, SRM Mulai 1 Julai (BU)","Mulai 1 Julai depan, pengeluaran wang tunai di semua mesin pengeluaran wang, (ATM) atau mesin kitar semula pintar (SRM) tidak akan dikenakan caj RM1.


#MesinATM #MesinSRM #CajRM1 #SistemPerbankan #BuletinUtama
====================

Dapatkan berita terkini, tepat dan sahih dengan ‘SUBSCRIBE’ YouTube Buletin TV3

IKUTI kami di:
Facebook : https://www.facebook.com/BuletinTV3Official/
Twitter : https://twitter.com/BuletinTV3
Instagram : https://www.instagram.com/buletintv3/
Website : https://www.buletintv3.my
TikTok : https://www.tiktok.com/@buletintv3
Telegram : https://t.me/BuletinTV3Official
Whatsapp Channel : https://bit.ly/3SZnJ5L
LUMI : https://bit.ly/3ZhzNBm

Lagi berita terkini dan komprehensif, layari www.buletintv3.my #BuletinTV3 #BeritaTerkini","['BU', 'Buletin TV3', 'buletin utama', 'buletintv3', 'butv3']",25,Buletin TV3,2026-06-15T12:28:08Z,1522,47,4,Regular,2026-06-16 01:35:31,PT1M56S
DjDsMpeR8jo,TULAR | Dua Wanita Warga Indonesia Jadi Mangsa Penderaan Majikan Diberi Perlindungan,"Konsulat Jeneral Republik Indonesia di Johor Bahru, memberi perlindungan dan bantuan kepada dua wanita warga Indonesia, yang disyaki menjadi mangsa penderaan fizikal majikan mereka di Johor. #BuletinTV3 #Tular #Penderaan #Indonesia

====================

Dapatkan berita terkini, tepat dan sahih dengan ‘SUBSCRIBE’ YouTube Buletin TV3

IKUTI kami di:
Facebook : https://www.facebook.com/BuletinTV3Official/
Twitter : https://twitter.com/BuletinTV3
Instagram : https://www.instagram.com/buletintv3/
Website : https://www.buletintv3.my
TikTok : https://www.tiktok.com/@buletintv3
Telegram : https://t.me/BuletinTV3Official
Whatsapp Channel : https://bit.ly/3SZnJ5L
LUMI : https://bit.ly/3ZhzNBm

Lagi berita terkini dan komprehensif, layari www.buletintv3.my #BuletinTV3 #BeritaTerkini","['BU', 'Buletin TV3', 'buletin utama', 'buletintv3', 'butv3']",25,Buletin TV3,2026-06-15T05:52:58Z,7922,92,122,Regular,2026-06-16 01:35:31,PT1M21S
9FoFJIrwLNw,"Twelve people, including pilot, die in Missouri plane crash - authorities","Eleven skydivers and a pilot died in the crash of a private plane on Sunday in Butler, Missouri, aircraft operator Skydive Kansas City said.

The Missouri State Highway Patrol said the crash occurred near the ‌Butler Memorial Airport, about 60 miles (100 km) south of Kansas City, Missouri.

Read more at https://tinyurl.com/3r6pmyu2

WATCH MORE: https://thestartv.com/c/news
SUBSCRIBE: https://cutt.ly/TheStar
LIKE: https://fb.com/TheStarOnline","['news', 'the star tv', 'the star', 'thestartv', 'missouri', 'plane', 'crash', 'pilot', 'skydivers', 'killed', 'skydiving plane']",25,The Star,2026-06-15T08:12:30Z,557,2,0,Regular,2026-06-16 01:35:31,PT1M42S
O5xI2ENbtt4,Germany and Sweden coast as the excitement continues,"NST Sport Final Score EP05: Big wins for Germany and Sweden overshadow exciting Netherlands-Japan draw.

Read more at: nst.com.my/sports



----------------------------------
#NST #NSTTV NST, NSTOnline, Malaysia, Sports, World Cup, Fifa, Football, NST Sport, Germany, Curacao, Netherlands, Japan, Ivory Coast, Ecuador, Sweden, Tunisia

visit us at http://www.nst.com.my 
our Facebook http://www.facebook.com/nstonline
more news at  http://www.twitter.com/NST_Online 
Instagram http://www.instagram.com/nstonline
and also Tiktok https://www.tiktok.com/@nstonline","['NST', 'NSTOnline', 'Malaysia', 'Sports', 'World Cup', 'Fifa', 'Football', 'NST Sport', 'Germany', 'Curacao', 'Netherlands', 'Japan', 'Ivory Coast', 'Ecuador', 'Sweden', 'Tunisia']",17,NST Online,2026-06-15T08:27:17Z,166,3,0,Regular,2026-06-16 01:35:31,PT3M20S
YvrVwBj6BSc,KEMALANGAN NGERI | Jenazah Empat Sekeluarga Selamat Dikebumikan Dalam Satu Liang Lahad,"====================

Dapatkan berita terkini, tepat dan sahih dengan ‘SUBSCRIBE’ YouTube Buletin TV3

Lagi berita terkini dan komprehensif, layari www.buletintv3.my

IKUTI kami di:
Facebook : https://www.facebook.com/BuletinTV3Official/
Twitter : https://twitter.com/BuletinTV3
Instagram : https://www.instagram.com/buletintv3/
Website : https://www.buletintv3.my
TikTok  : https://www.tiktok.com/@buletintv3 
Telegram : https://t.me/BuletinTV3Official
Whatsapp Channel : https://bit.ly/3SZnJ5L

#BuletinTV3 #TV3 #BuletinUtama","['Buletin TV3', 'berita semasa', 'berita terkini', 'perkembangan semasa', 'buletin malaysia', 'berita malaysia', 'tonton', 'ntv7', '8tv', 'astro awani', 'berita rtm', 'berita tv9', 'news Malaysia', 'news malay', 'news mpb', 'trending nombor 1', 'trending', 'trending worldwide']",25,Buletin TV3,2026-06-15T13:38:20Z,1967,60,1,Short,2026-06-16 01:35:31,PT1M3S
4TmsvcQMo_k,"ISU ROHINGYA | Ada Pihak Yang Tawar, Galak Rohingya Berniaga - Azalina (BU)","Pembabitan etnik Rohingya dalam aktiviti perniagaan tidak berlaku secara sendiri.


#IsuRohingya #EtnikRohingya #AktivitiPerniagaan #AzalinaOthman #BuletinUtama


====================

Dapatkan berita terkini, tepat dan sahih dengan ‘SUBSCRIBE’ YouTube Buletin TV3

IKUTI kami di:
Facebook : https://www.facebook.com/BuletinTV3Official/
Twitter : https://twitter.com/BuletinTV3
Instagram : https://www.instagram.com/buletintv3/
Website : https://www.buletintv3.my
TikTok : https://www.tiktok.com/@buletintv3
Telegram : https://t.me/BuletinTV3Official
Whatsapp Channel : https://bit.ly/3SZnJ5L
LUMI : https://bit.ly/3ZhzNBm

Lagi berita terkini dan komprehensif, layari www.buletintv3.my #BuletinTV3 #BeritaTerkini","['BU', 'Buletin TV3', 'buletin utama', 'buletintv3', 'butv3']",25,Buletin TV3,2026-06-15T12:23:22Z,377,4,10,Regular,2026-06-16 01:35:31,PT1M27S
qU9raduIkCQ,"Caj RM1 Di Mesin ATM Dimansuhkan Mulai 1 Julai | Buletin Utama, 15 Jun 2026","Buletin Utama siaran Isnin, 15 Jun 2026 bersama penyampai Mior Abdul Malek Raiyani dan Azaria Tagaya.

====================

Dapatkan berita terkini, tepat dan sahih dengan ‘SUBSCRIBE’ YouTube Buletin TV3

IKUTI kami di:
Facebook : https://www.facebook.com/BuletinTV3Official/
Twitter : https://twitter.com/BuletinTV3
Instagram : https://www.instagram.com/buletintv3/
Website : https://www.buletintv3.my
TikTok  : https://www.tiktok.com/@buletintv3
Telegram : https://t.me/BuletinTV3Official
Whatsapp Channel : https://bit.ly/3SZnJ5L
LUMI : https://bit.ly/3ZhzNBm

Lagi berita terkini dan komprehensif, layari www.buletintv3.my

#BuletinTV3 #TV3 #BU #BuletinUtama","['Buletin TV3', 'berita semasa', 'berita terkini', 'perkembangan semasa', 'buletin malaysia', 'berita malaysia', 'tonton', 'ntv7', '8tv', 'astro awani', 'berita rtm', 'berita tv9', 'news Malaysia', 'news malay', 'news mpb', 'trending nombor 1', 'trending', 'trending worldwide']",25,Buletin TV3,2026-06-15T13:04:35Z,64003,422,9,Regular,2026-06-16 01:35:31,PT1H
i0KhlXwUnAo,"US singer Oliver Tree, Argentine YouTuber among six dead in Rio helicopter crash","American singer Oliver Tree and Argentine YouTuber Gaspar Prim were among six people killed when two helicopters collided over Rio de Janeiro on Sunday (June 14), local police said.

The aircraft crashed on grounds leased by an electric car dealership, which aggravated the fire due to the vehicles' lithium batteries.

WATCH MORE: https://thestartv.com/c/news
SUBSCRIBE: https://cutt.ly/TheStar
LIKE: https://fb.com/TheStarOnline","['news', 'the star tv', 'the star', 'thestartv', 'oliver tree', 'rio de janeiro', 'gaspar prim', 'youtube', 'singer', 'american', 'helicopter', 'crash', 'dead']",25,The Star,2026-06-15T05:18:12Z,6325,70,11,Regular,2026-06-16 01:35:31,PT1M27S
aZxGzpaEt3U,Trailer driver in fatal Karak Highway crash tests positive for drugs,"The trailer driver involved in a fatal crash that killed four people at Km43 Kuala Lumpur-Karak Expressway yesterday has tested positive for drugs.

District police chief Superintendent Zaiham Mohd Kahar said urine screening confirmed that the suspect had consumed methamphetamine.

He said the driver was brought to the Bentong police headquarters after undergoing treatment at Bentong Hospital.

Yesterday, Pahang police chief Datuk Seri Yahaya Othman said checks revealed that the lorry driver had 15 traffic summonses.

The 4.25pm crash yesterday claimed the lives of four people, including an infant, after the car they were travelling in was crushed by the overturned trailer.

The victims — a man, two women and a year-old child — were killed on the spot, while the lorry driver sustained head and hip injuries.



Read more at:
https://www.nst.com.my/news/regional/2026/06/1463477/updated-trailer-driver-fatal-karak-highway-crash-tests-positive-drugs

----------------------------------
#NST #NSTTV#Accident #Tragedy #RoadSafety #Trailer #Driver #Positive #Drugs #MalaysiaNews #NSTNews

visit us at http://www.nst.com.my 
our Facebook http://www.facebook.com/nstonline
more news at  http://www.twitter.com/NST_Online 
Instagram http://www.instagram.com/nstonline
and also Tiktok https://www.tiktok.com/@nstonline","['nstonline', 'NST', 'New Straits Times', 'news', 'BTH', '#BeyondTheHeadlines']",25,NST Online,2026-06-15T02:45:22Z,8539,59,34,Short,2026-06-16 01:35:31,PT54S
oSSghBj707I,Ahmad Maslan confirms not contesting in Johor polls,"Johor Barisan Nasional (BN) deputy chairman Datuk Seri Dr Ahmad Maslan has confirmed he will not contest in the upcoming Johor state election, despite speculation linking him to several state seats.

Ahmad, who is also Deputy Works Minister, said he has no intention of contesting either the Benut or Pulai Sebatang state seat within the Pontian parliamentary seat.

WATCH MORE: https://thestartv.com/c/news
SUBSCRIBE: https://cutt.ly/TheStar
LIKE: https://fb.com/TheStarOnline","['news', 'the star tv', 'the star', 'thestartv', 'johor', 'state election', 'ahmad maslan', 'contest', 'bn', 'umno', 'election commission']",25,The Star,2026-06-15T09:29:29Z,622,3,2,Regular,2026-06-16 01:35:31,PT1M19S
yEKJE3qHO38,Final family photo becomes last memory after Karak Expressway tragedy,"A family photograph taken shortly before a fatal crash has become a heartbreaking final memory for the loved ones of four victims killed in the Kuala Lumpur–Karak Expressway tragedy. The victims, including an infant, died after their car was crushed by an overturned trailer at Km43 of the highway. 

The tragedy has sparked an outpouring of grief on social media, with the family's final photo serving as a poignant reminder of how quickly lives can change. Authorities are continuing investigations into the crash.

Read more at:
https://www.nst.com.my/news/nation/2026/06/1463759/final-family-photo-becomes-last-memory-after-karak-expressway-tragedy

----------------------------------
#NST #NSTTV #NSTOnline #KarakExpressway #RoadTragedy #RoadAccident #KualaLumpurKarak #MalaysiaNews #TrafficAccident #RoadSafety #FamilyTragedy

visit us at http://www.nst.com.my 
our Facebook http://www.facebook.com/nstonline
more news at  http://www.twitter.com/NST_Online 
Instagram http://www.instagram.com/nstonline
and also Tiktok https://www.tiktok.com/@nstonline","['nstonline', 'NST', 'New Straits Times', 'news', 'BTH', '#BeyondTheHeadlines']",25,NST Online,2026-06-15T07:14:03Z,2022,23,1,Short,2026-06-16 01:35:31,PT1M26S
yeeYDI3tW2A,"ISU ROHINGYA | 7,000 Hingga 8,000 Dihantar Ke Negara Ketiga Setiap Tahun - KPN (BU)","Dianggarkan 7,000 hingga 8,000 pelarian Rohingya yang berada di negara ini dihantar ke negara ketiga setiap tahun. 


#IsuRohingya #PelarianRohingya #KetuaPolisNegara #KPN #BuletinUtama
====================

Dapatkan berita terkini, tepat dan sahih dengan ‘SUBSCRIBE’ YouTube Buletin TV3

IKUTI kami di:
Facebook : https://www.facebook.com/BuletinTV3Official/
Twitter : https://twitter.com/BuletinTV3
Instagram : https://www.instagram.com/buletintv3/
Website : https://www.buletintv3.my
TikTok : https://www.tiktok.com/@buletintv3
Telegram : https://t.me/BuletinTV3Official
Whatsapp Channel : https://bit.ly/3SZnJ5L
LUMI : https://bit.ly/3ZhzNBm

Lagi berita terkini dan komprehensif, layari www.buletintv3.my #BuletinTV3 #BeritaTerkini","['BU', 'Buletin TV3', 'buletin utama', 'buletintv3', 'butv3']",25,Buletin TV3,2026-06-15T12:24:11Z,703,8,13,Regular,2026-06-16 01:35:31,PT1M22S
EQQH-C6vPS8,"EMPAT SEKELUARGA MAUT | Proses Bedah Siasat Dijalankan Pagi Ini, Pemandu Treler Positif Dadah","Untuk perkembangan proses bedah siasat jenazah empat sekeluarga yang maut dalam nahas di Lebuhraya Kuala Lumpur-Karak menghala Bentong semalam, kita bersama wartawan Fazli Ahmad di Temerloh. #BuletinTV3 #Kemalangan #Nahas4Maut #BedahSiasat

====================

Dapatkan berita terkini, tepat dan sahih dengan ‘SUBSCRIBE’ YouTube Buletin TV3

IKUTI kami di:
Facebook : https://www.facebook.com/BuletinTV3Official/
Twitter : https://twitter.com/BuletinTV3
Instagram : https://www.instagram.com/buletintv3/
Website : https://www.buletintv3.my
TikTok : https://www.tiktok.com/@buletintv3
Telegram : https://t.me/BuletinTV3Official
Whatsapp Channel : https://bit.ly/3SZnJ5L
LUMI : https://bit.ly/3ZhzNBm

Lagi berita terkini dan komprehensif, layari www.buletintv3.my #BuletinTV3 #BeritaTerkini","['BU', 'Buletin TV3', 'buletin utama', 'buletintv3', 'butv3']",25,Buletin TV3,2026-06-15T01:50:23Z,4257,43,23,Regular,2026-06-16 01:35:31,PT3M6S
-_EkEWVzWQ8,"Don’t listen to political campaigns that aim to divide Malaysians, says Anwar","With campaigning intensifying ahead of the upcoming state polls, Datuk Seri Anwar Ibrahim has urged Malaysians not to fall for racial rhetoric.

The Prime Minister said election campaigns that pit one race against another will leave the poor with no one to fight for them.

Read more at https://tinyurl.com/36ytmcaf

WATCH MORE: https://thestartv.com/c/news
SUBSCRIBE: https://cutt.ly/TheStar
LIKE: https://fb.com/TheStarOnline","['news', 'the star tv', 'the star', 'thestartv', 'politics', 'campaigning', 'state polls', 'anwar ibrahim', 'racial rhetoric', 'bukit kiara estate', 'longhouse']",25,The Star,2026-06-15T12:25:10Z,773,28,20,Regular,2026-06-16 01:35:31,PT2M48S
AtN9MnfkRGg,"FILEM POLONG | Cetus Fenomena Luar Biasa, Kutipan Pecah Panggung RM14.2 Juta (BU)","Filem seram, Polong mencetuskan fenomena luar biasa dengan kutipan pecah panggung RM14.2 juta setakat ini.


#FilemPolong #FilemSeram #PecahPanggung #FilemMalaysia #BuletinUtama
====================

Dapatkan berita terkini, tepat dan sahih dengan ‘SUBSCRIBE’ YouTube Buletin TV3

IKUTI kami di:
Facebook : https://www.facebook.com/BuletinTV3Official/
Twitter : https://twitter.com/BuletinTV3
Instagram : https://www.instagram.com/buletintv3/
Website : https://www.buletintv3.my
TikTok : https://www.tiktok.com/@buletintv3
Telegram : https://t.me/BuletinTV3Official
Whatsapp Channel : https://bit.ly/3SZnJ5L
LUMI : https://bit.ly/3ZhzNBm

Lagi berita terkini dan komprehensif, layari www.buletintv3.my #BuletinTV3 #BeritaTerkini","['BU', 'Buletin TV3', 'buletin utama', 'buletintv3', 'butv3']",25,Buletin TV3,2026-06-15T12:40:42Z,335,9,0,Regular,2026-06-16 01:35:31,PT1M15S
LaaXO6MsZmo,"Online scam cases surge 87% to 66,204 in 2025, says IGP","A staggering 66,204 online scam cases were recorded in 2025, an 87% increase compared to 2024, says Tan Sri Mohd Khalid Ismail.

The Inspector-General of Police said it underscores the growing threat posed by cybercriminals despite ongoing enforcement and awareness efforts.

Read more at https://tinyurl.com/5nd52sbv

WATCH MORE: https://thestartv.com/c/news
SUBSCRIBE: https://cutt.ly/TheStar
LIKE: https://fb.com/TheStarOnline","['news', 'the star tv', 'the star', 'thestartv', 'online scam', 'surge', 'rise', 'combat', 'igp', 'mohd khalid ismail']",25,The Star,2026-06-15T07:35:41Z,297,6,3,Regular,2026-06-16 01:35:31,PT4M36S
m4L3Sc7Ikdk,"Three months to serve court document to Yusoff Rawther, prosecution told","The prosecution in the criminal case involving Muhammed Yusoff Rawther has been given three months to serve a notice of appeal filed against his acquittal via personal service before the appeal hearing can commence.

Muhammed Yusoff, a former aide to Prime Minister Datuk Seri Anwar Ibrahim, is currently seeking asylum in the United Kingdom.

Read more at https://tinyurl.com/4ct2acsd

WATCH MORE: https://thestartv.com/c/news
SUBSCRIBE: https://cutt.ly/TheStar
LIKE: https://fb.com/TheStarOnline","['news', 'the star tv', 'the star', 'thestartv', 'yusoff rawther', 'appeal', 'drugs', 'crime', 'acquittal', 'asylum', 'london']",25,The Star,2026-06-15T08:05:37Z,1313,5,3,Regular,2026-06-16 01:35:31,PT4M52S
gxIUWBIS26A,Sydney reopens beach under heavy patrols after shark attack,"Sydney's Coogee Beach reopened on Monday (June 15) under heightened safety measures, including lifeguard patrols and drone surveillance, following a shark attack that left a woman critically injured on Saturday (June 13).

WATCH MORE: https://thestartv.com/c/news
SUBSCRIBE: https://cutt.ly/TheStar
LIKE: https://fb.com/TheStarOnline","['news', 'the star tv', 'the star', 'thestartv', 'sydney', 'coogee beach', 'shark', 'attack', 'safety']",25,The Star,2026-06-15T08:45:49Z,311,3,0,Regular,2026-06-16 01:35:31,PT2M12S
rL_gcPy45nA,KRISIS | AS - Iran Setuju Memeterai Perjanjian Damai,"Washington dan Tehran dilaporkan bersetuju untuk memeterai perjanjian damai bagi menamatkan perang yang berlarutan lebih tiga bulan di Asia Barat.

Perdana Menteri Pakistan, Shehbaz Sharif, memaklumkan majlis pemeteraian perjanjian itu dijadual berlangsung pada Jumaat ini (19 Jun) di Switzerland.

====================

Dapatkan berita terkini, tepat dan sahih dengan ‘SUBSCRIBE’ YouTube Buletin TV3

Lagi berita terkini dan komprehensif, layari www.buletintv3.my

IKUTI kami di:
Facebook : https://www.facebook.com/BuletinTV3Official/
Twitter : https://twitter.com/BuletinTV3
Instagram : https://www.instagram.com/buletintv3/
Website : https://www.buletintv3.my
TikTok  : https://www.tiktok.com/@buletintv3 
Telegram : https://t.me/BuletinTV3Official
Whatsapp Channel : https://bit.ly/3SZnJ5L

#BuletinTV3 #TV3 #BuletinUtama #seantero","['Buletin TV3', 'berita semasa', 'berita terkini', 'perkembangan semasa', 'buletin malaysia', 'berita malaysia', 'tonton', 'ntv7', '8tv', 'astro awani', 'berita rtm', 'berita tv9', 'news Malaysia', 'news malay', 'news mpb', 'trending nombor 1', 'trending', 'trending worldwide']",25,Buletin TV3,2026-06-15T13:59:56Z,764,17,5,Regular,2026-06-16 01:35:31,PT3M2S
ibLFoASePqc,2026-06-15,"#NSTTV Football Coaches Association of Malaysia (FCAM) former vice-president Datuk Richard Scully breaks down how the expanded 48-team 2026 World Cup could reshape global football. 

From fixture congestion and travel headaches to the rise of smaller nations like Jordan and Uzbekistan, he explains why success is now built on structure rather than size, and what Malaysia can learn from football's changing landscape

Watch at: https://bit.ly/3RUyd81 
Also read at: https://bit.ly/4aCqt0D",[],25,NST Online,2026-06-15T11:00:45Z,122,3,0,Short,2026-06-16 01:35:31,PT36S
3gyNtKI5MZg,KEMALANGAN MAUT | Keluarga Mahu Tindakan Tegas Terhadap Pemandu Treler (BU),"Keluarga mangsa mahu tindakan tegas terhadap pemandu treler yang disahkan positif dadah.


#KemalanganMaut #TindakanTegas #PemanduTreler #PositifDadah #BuletinUtama
====================

Dapatkan berita terkini, tepat dan sahih dengan ‘SUBSCRIBE’ YouTube Buletin TV3

IKUTI kami di:
Facebook : https://www.facebook.com/BuletinTV3Official/
Twitter : https://twitter.com/BuletinTV3
Instagram : https://www.instagram.com/buletintv3/
Website : https://www.buletintv3.my
TikTok : https://www.tiktok.com/@buletintv3
Telegram : https://t.me/BuletinTV3Official
Whatsapp Channel : https://bit.ly/3SZnJ5L
LUMI : https://bit.ly/3ZhzNBm

Lagi berita terkini dan komprehensif, layari www.buletintv3.my #BuletinTV3 #BeritaTerkini","['BU', 'Buletin TV3', 'buletin utama', 'buletintv3', 'butv3']",25,Buletin TV3,2026-06-15T12:21:48Z,699,7,2,Regular,2026-06-16 01:35:31,PT1M27S
6Ri8tuhmb4M,KRISIS | AS - Iran Setuju Memeterai Perjanjian Damai,"Washington dan Tehran dilaporkan bersetuju untuk memeterai Perjanjian Damai bagi menamatkan perang yang berlarutan lebih tiga bulan di Asia Barat.

====================

Dapatkan berita terkini, tepat dan sahih dengan ‘SUBSCRIBE’ YouTube Buletin TV3

Lagi berita terkini dan komprehensif, layari www.buletintv3.my

IKUTI kami di:
Facebook : https://www.facebook.com/BuletinTV3Official/
Twitter : https://twitter.com/BuletinTV3
Instagram : https://www.instagram.com/buletintv3/
Website : https://www.buletintv3.my
TikTok  : https://www.tiktok.com/@buletintv3 
Telegram : https://t.me/BuletinTV3Official
Whatsapp Channel : https://bit.ly/3SZnJ5L

#seantero #BuletinTV3 #TV3 #BuletinUtama","['Buletin TV3', 'berita semasa', 'berita terkini', 'perkembangan semasa', 'buletin malaysia', 'berita malaysia', 'tonton', 'ntv7', '8tv', 'astro awani', 'berita rtm', 'berita tv9', 'news Malaysia', 'news malay', 'news mpb', 'trending nombor 1', 'trending', 'trending worldwide']",25,Buletin TV3,2026-06-15T13:30:38Z,1932,63,3,Short,2026-06-16 01:35:31,PT1M19S
jJPHiZIY-24,UK's Starmer announces social media ban for under-16s,"British Prime Minister Keir Starmer announced on Monday (June 15) he would ban social media sites for under-16s and impose restrictions on gaming and livestreaming platforms, in some of the world's most far-reaching online restrictions to date. 

WATCH MORE: https://thestartv.com/c/news
SUBSCRIBE: https://cutt.ly/TheStar
LIKE: https://fb.com/TheStarOnline","['news', 'the star tv', 'the star', 'thestartv', 'online sites', 'social media', 'ban', 'under-16', 'keir starmer', 'united kingdom', 'restrcitions', 'instagram', 'tiktok']",25,The Star,2026-06-15T09:51:52Z,201,5,0,Regular,2026-06-16 01:35:31,PT2M4S
7CWlg1KNQ_U,"HARI LAUT SEDUNIA | Konservasi Marin Diperkasa, Ancaman Pelbagai Peringkat (BU)","Ekosistem marin negara berdepan pelbagai cabaran yang turut memberi kesan kepada usaha pemuliharaan. 


Ia termasuk tekanan ekonomi, perubahan iklim serta aktiviti manusia. 


#HariLautSedunia #KonservasiMarin #EkosistemMarin #MohdIshakAbdillah #BuletinUtama
====================

Dapatkan berita terkini, tepat dan sahih dengan ‘SUBSCRIBE’ YouTube Buletin TV3

IKUTI kami di:
Facebook : https://www.facebook.com/BuletinTV3Official/
Twitter : https://twitter.com/BuletinTV3
Instagram : https://www.instagram.com/buletintv3/
Website : https://www.buletintv3.my
TikTok : https://www.tiktok.com/@buletintv3
Telegram : https://t.me/BuletinTV3Official
Whatsapp Channel : https://bit.ly/3SZnJ5L
LUMI : https://bit.ly/3ZhzNBm

Lagi berita terkini dan komprehensif, layari www.buletintv3.my #BuletinTV3 #BeritaTerkini","['BU', 'Buletin TV3', 'buletin utama', 'buletintv3', 'butv3']",25,Buletin TV3,2026-06-15T12:39:56Z,299,4,0,Regular,2026-06-16 01:35:31,PT2M31S
3TpARPSBrRk,98 families of Bukit Kiara longhouse to get two free houses - Hannah,"A total of 98 families in the Bukit Kiara Longhouse here will receive two free house units through the area's redevelopment solution that also maintains Taman Rimba Kiara as a public green space.

Minister in the Prime Minister's Department (Federal Territories) Hannah Yeoh said the original agreement only allocated one free house for each family, while the second unit had to be purchased at a price of RM175,000.

WATCH MORE: https://thestartv.com/c/news
SUBSCRIBE: https://cutt.ly/TheStar
LIKE: https://fb.com/TheStarOnline","['news', 'the star tv', 'the star', 'thestartv', 'hannah yeoh', 'resident', 'rumah panjang', 'bukit kiara', 'anwar ibrahim']",25,The Star,2026-06-15T13:23:38Z,935,14,2,Regular,2026-06-16 01:35:31,PT4M20S
4LDRj7X2a3k,"News@9   Monday, June 15, 2026","Anwar warns against division
Prime Minister Datuk Seri Anwar Ibrahim has urged Malaysians not to fall for efforts to divide communities along racial lines.

Driver tests positive
The trailer driver involved in the fatal Karak Highway crash that claimed four lives has tested positive for drugs.

Viral claims probed
Police are investigating viral allegations linking Datin Seri Rosmah Mansor to the purchase of a US$13 million luxury property.

ATM fees abolished
Bank customers nationwide can make interbank ATM withdrawals without the RM1 fee starting July 1.


----------------------------------
#NST #NSTTV

visit us at http://www.nst.com.my 
our Facebook http://www.facebook.com/nstonline
more news at  http://www.twitter.com/NST_Online 
Instagram http://www.instagram.com/nstonline
and also Tiktok https://www.tiktok.com/@nstonline","['nstonline', 'NST', 'New Straits Times', 'news', 'BTH', '#BeyondTheHeadlines']",25,NST Online,2026-06-15T13:00:17Z,954,11,0,Short,2026-06-16 01:35:31,PT49S
SWRKVRkN7b0,"LRT3 Shah Alam Line ready for operations by end June after smooth trial runs, says Loke","The long-awaited LRT3 line is set to begin operations by the end of this month, says Anthony Loke.

The Transport Minister assured the public that ongoing trial operations had run smoothly without issue ahead of the LRT’s launch.

Read more at https://tinyurl.com/5fjbcerf 

WATCH MORE: https://thestartv.com/c/news
SUBSCRIBE: https://cutt.ly/TheStar
LIKE: https://fb.com/TheStarOnline","['news', 'the star tv', 'the star', 'thestartv', 'lrt', 'anthony loke', 'transport minister', 'launch', 'new line', 'transportation', 'public transport']",25,The Star,2026-06-15T12:53:58Z,717,14,1,Regular,2026-06-16 01:35:31,PT36S
sqFxO0pVXu8,IGP calls for collective action against evolving scam,"Online scams remain a threat that requires an approach involving multiple stakeholders, says Tan Sri Mohd Khalid Ismail. 

The Inspector-General of Police said the modus operandi of scammers was constantly evolving.

Read more at https://tinyurl.com/5fs7ffan

WATCH MORE: https://thestartv.com/c/news
SUBSCRIBE: https://cutt.ly/TheStar
LIKE: https://fb.com/TheStarOnline","['news', 'the star tv', 'the star', 'thestartv', 'online scams', 'public vigilances', 'semakmule', 'national scam response centre', 'mohd khalid ismail']",25,The Star,2026-06-15T07:57:23Z,208,2,1,Regular,2026-06-16 01:35:31,PT5M53S
YwD2dzQT0cc,KEMALANGAN MAUT | Proses Bedah Siasat Empat Sekeluarga Dijangka Siap Dalam Masa Terdekat,"Wartawan Fazli Ahmad yang berada di hospital memaklumkan proses bedah siasat jenazah empat sekeluarga yang bermula pagi tadi, dijangka siap dalam masa terdekat. #BuletinTV3 #Kemalangan #Perkembangan #ProsesBedahSiasat

====================

Dapatkan berita terkini, tepat dan sahih dengan ‘SUBSCRIBE’ YouTube Buletin TV3

IKUTI kami di:
Facebook : https://www.facebook.com/BuletinTV3Official/
Twitter : https://twitter.com/BuletinTV3
Instagram : https://www.instagram.com/buletintv3/
Website : https://www.buletintv3.my
TikTok : https://www.tiktok.com/@buletintv3
Telegram : https://t.me/BuletinTV3Official
Whatsapp Channel : https://bit.ly/3SZnJ5L
LUMI : https://bit.ly/3ZhzNBm

Lagi berita terkini dan komprehensif, layari www.buletintv3.my #BuletinTV3 #BeritaTerkini","['BU', 'Buletin TV3', 'buletin utama', 'buletintv3', 'butv3']",25,Buletin TV3,2026-06-15T05:49:34Z,2465,25,2,Regular,2026-06-16 01:35:31,PT3M4S
632XYD6l4n0,"PERANG ASIA BARAT | AS-Iran Capai Perjanjian Damai, Majlis Tandatangan Di Geneva Jumaat Ini","Amerika Syarikat dan Iran mencapai persetujuan perjanjian damai serta menamatkan operasi ketenteraan secara 'serta-merta dan kekal' di semua medan konflik termasuk Lubnan. #BuletinTV3 #Perang #Lubnan #PerjanjianDamai

====================

Dapatkan berita terkini, tepat dan sahih dengan ‘SUBSCRIBE’ YouTube Buletin TV3

IKUTI kami di:
Facebook : https://www.facebook.com/BuletinTV3Official/
Twitter : https://twitter.com/BuletinTV3
Instagram : https://www.instagram.com/buletintv3/
Website : https://www.buletintv3.my
TikTok : https://www.tiktok.com/@buletintv3
Telegram : https://t.me/BuletinTV3Official
Whatsapp Channel : https://bit.ly/3SZnJ5L
LUMI : https://bit.ly/3ZhzNBm

Lagi berita terkini dan komprehensif, layari www.buletintv3.my #BuletinTV3 #BeritaTerkini","['BU', 'Buletin TV3', 'buletin utama', 'buletintv3', 'butv3']",25,Buletin TV3,2026-06-15T01:51:10Z,1366,21,12,Regular,2026-06-16 01:35:31,PT1M35S
PXvtQn2Z_K8,"Road safety council to start safe school zone pilot project, says Loke","The Malaysian Road Safety Council will start a Safe School Zone pilot project at 14 schools in the country to benefit almost 20,000 pupils and staff.

Transport Minister Anthony Loke said the measure was taken after several recent fatal incidents involving students and statistics showing an average of 70 incidents occurring in school areas annually.

WATCH MORE: https://thestartv.com/c/news
SUBSCRIBE: https://cutt.ly/TheStar
LIKE: https://fb.com/TheStarOnline","['news', 'the star tv', 'the star', 'thestartv', 'anwar ibrahim', 'school zone', 'anthony loke', 'transport minister', 'annual', 'students', 'safety']",25,The Star,2026-06-15T13:29:12Z,511,11,2,Regular,2026-06-16 01:35:31,PT3M13S
h_AqKDA5S6U,"Sweden, Germany cruise to big wins and other World Cup matches","In the 2026 World Cup on Sunday (June 14), Germany crushed debutants Curaçao 7-1 in Houston, while Sweden swept past Tunisia 5-1 in Monterrey.

Ivory Coast stunned Ecuador with Amad Diallo's 90th-minute winner in Philadelphia and in Arlington, Japan snatched a dramatic 2-2 draw against the Netherlands through Daichi Kamada's late header. 

WATCH MORE: https://thestartv.com/c/news
SUBSCRIBE: https://cutt.ly/TheStar
LIKE: https://fb.com/TheStarOnline","['news', 'the star tv', 'the star', 'thestartv', 'worldcup2026', 'germany', 'sweden', 'tunisia', 'japan', 'netherlands', 'curacao', 'ivory coast ecuador']",25,The Star,2026-06-15T05:28:09Z,440,4,0,Regular,2026-06-16 01:35:31,PT1M50S
pydfkd0DtbM,KEMALANGAN MAUT | Mangsa Sempat Kongsi Gambar Terakhir Untuk Tatapan Keluarga,"Salah seorang ahli keluarga sempat menjamu selera bersama empat beranak yang terkorban dalam nahas itu di ibu negara, beberapa jam sebelum kejadian. #BuletinTV3 #Kemalangan #GambarTerakhir #Nahas4Maut

====================

Dapatkan berita terkini, tepat dan sahih dengan ‘SUBSCRIBE’ YouTube Buletin TV3

IKUTI kami di:
Facebook : https://www.facebook.com/BuletinTV3Official/
Twitter : https://twitter.com/BuletinTV3
Instagram : https://www.instagram.com/buletintv3/
Website : https://www.buletintv3.my
TikTok : https://www.tiktok.com/@buletintv3
Telegram : https://t.me/BuletinTV3Official
Whatsapp Channel : https://bit.ly/3SZnJ5L
LUMI : https://bit.ly/3ZhzNBm

Lagi berita terkini dan komprehensif, layari www.buletintv3.my #BuletinTV3 #BeritaTerkini","['BU', 'Buletin TV3', 'buletin utama', 'buletintv3', 'butv3']",25,Buletin TV3,2026-06-15T05:52:09Z,3008,30,6,Regular,2026-06-16 01:35:31,PT1M26S
F2mVk7gcaUk,"Police ready to ensure smooth Johor, Negri Sembilan state polls, says IGP","The police are prepared to ensure the upcoming Johor and Negri Sembilan state elections run smoothly, says Tan Sri Mohd Khalid Ismail. 

The Inspector-General of Police said the police will deploy the necessary manpower and resources to maintain security and facilitate the electoral process in both states.

Read more at https://tinyurl.com/3cuzn9bt

WATCH MORE: https://thestartv.com/c/news
SUBSCRIBE: https://cutt.ly/TheStar
LIKE: https://fb.com/TheStarOnline","['news', 'the star tv', 'the star', 'thestartv', 'state polls', 'johor', 'negri sembilan', 'prepared', 'police', 'mohd khalid ismail', 'elections']",25,The Star,2026-06-15T09:18:19Z,5978,35,0,Regular,2026-06-16 01:35:31,PT1M18S
wVZR2okMiSw,Cops record statements over Rosmah-linked New Jersey property claims,"Police have begun investigations following three reports lodged over allegations linking Datin Seri Rosmah Mansor to the purchase or financing of a luxury property in New Jersey, United States, allegedly worth US$13mil. 

Inspector-General of Police Tan Sri Mohd Khalid Ismail said investigators had recorded statements from relevant witnesses and were working closely with the Malaysian Communications and Multimedia Commission in the probe.

Read more at https://tinyurl.com/ax4bhrcw

WATCH MORE: https://thestartv.com/c/news
SUBSCRIBE: https://cutt.ly/TheStar
LIKE: https://fb.com/TheStarOnline","['news', 'the star tv', 'the star', 'thestartv', 'rosmah mansor', 'mohd khalid ismail', 'new jersey', 'property', 'allegations', 'united states', 'probe', 'police report']",25,The Star,2026-06-15T08:21:52Z,7118,73,5,Regular,2026-06-16 01:35:31,PT1M49S
Mobw2jN2V2A,Good ties with major powers do not compromise national principles – Anwar,"Prime Minister Datuk Seri Anwar Ibrahim said Malaysia’s strong ties with major powers such as China and the United States have never compromised the country’s principles or national interests.

Speaking at the Pakatan Harapan rally ""Keadilan Untuk Bangsa Johor"", he said Malaysia remains friends with all nations while maintaining firm positions on issues such as Gaza, trade, investment and law enforcement.

Anwar added that good relations with countries including China, Pakistan, Saudi Arabia, Turkiye, Egypt and the US have strengthened Malaysia’s international standing and created greater opportunities for the country.

Storylink: https://www.nst.com.my/news/regional/2026/06/1464259/good-ties-major-powers-do-not-compromise-national-principles-%E2%80%93-anwar

----------------------------------
#NST #NSTTV  #NSTOnline #AnwarIbrahim #PMX #MalaysiaMadani #Johor #China #diplomaticties #nationalinterest #US #Malaysia

visit us at http://www.nst.com.my 
our Facebook http://www.facebook.com/nstonline
more news at  http://www.twitter.com/NST_Online 
Instagram http://www.instagram.com/nstonline
and also Tiktok https://www.tiktok.com/@nstonline","['nstonline', 'NST', 'New Straits Times', 'news', 'BTH', '#BeyondTheHeadlines']",25,NST Online,2026-06-15T16:26:41Z,188,2,0,Short,2026-06-16 01:35:31,PT51S
8OPOeGUbzBg,"Fatal Karak crash: Lorry driver tests positive for drugs, say cops","The lorry driver involved in the accident that claimed four lives at KM43 of the Kuala Lumpur-Karak Expressway on Sunday (June 14) has tested positive for drugs.

Read more at https://tinyurl.com/286pzc42

WATCH MORE: https://thestartv.com/c/news
SUBSCRIBE: https://cutt.ly/TheStar
LIKE: https://fb.com/TheStarOnline","['news', 'the star tv', 'the star', 'thestartv', 'lorry driver', 'bentong', 'pahang', 'drug', 'positive', 'meth', 'remand', 'karak', 'crash']",25,The Star,2026-06-15T03:50:20Z,11556,75,27,Regular,2026-06-16 01:35:31,PT1M17S
nnp7PTs7w4w,Highland Towers: Final chapter as demolition looms,"The long-awaited demolition of the remaining Highland Towers blocks appears closer than ever, marking what could be the final chapter of one of Malaysia’s most tragic building disasters. More than three decades after the 1993 collapse that claimed 48 lives, legal and administrative hurdles are finally being resolved to pave the way for demolition. 

The abandoned structures in Hulu Kelang have stood as a stark reminder of the tragedy for over 30 years. Authorities say the remaining blocks are expected to be demolished by the end of the year, bringing closure to a site that has long symbolised the importance of building safety and accountability.

Read more at:
https://www.nst.com.my/news/nation/2026/06/1463535/highland-towers-final-chapter-demolition-looms

----------------------------------
#NST #NSTTV #NSTOnline #HighlandTowers #HuluKelang #AmpangJaya #MPAJ #MalaysiaNews #UrbanHistory #BuildingSafety #Selangor #HighlandTower #Ampang #BukitAntarabangsa


visit us at http://www.nst.com.my 
our Facebook http://www.facebook.com/nstonline
more news at  http://www.twitter.com/NST_Online 
Instagram http://www.instagram.com/nstonline
and also Tiktok https://www.tiktok.com/@nstonline","['nstonline', 'NST', 'New Straits Times', 'news', 'BTH', '#BeyondTheHeadlines']",25,NST Online,2026-06-15T03:47:38Z,6063,53,5,Short,2026-06-16 01:35:31,PT58S
THERQNZl5oo,"Teo urges J-Kom chief to avoid inappropriate language, 3R issues","Deputy Communications Minister Teo Nie Ching has urged Community Communications Department (JKOM) director-general Mohd Hisyamuddin Ghazali to avoid using inappropriate language, particularly on sensitive 3R issues involving race, religion and royalty. The call comes amid criticism over remarks made by the newly appointed JKOM chief. 

Teo stressed the importance of responsible communication and maintaining public confidence, especially when addressing issues that could affect national unity and social harmony.

Read more at:
https://www.nst.com.my/news/nation/2026/06/1463667/teo-urges-j-kom-chief-avoid-inappropriate-language-3r-issues


----------------------------------
#NST #NSTTV#NSTOnline #TeoNieChing #JKOM #3RIssues #RaceReligionRoyalty #MalaysiaPolitics #HateSpeech #NationalUnity #MalaysiaNews

visit us at http://www.nst.com.my 
our Facebook http://www.facebook.com/nstonline
more news at  http://www.twitter.com/NST_Online 
Instagram http://www.instagram.com/nstonline
and also Tiktok https://www.tiktok.com/@nstonline","['nstonline', 'NST', 'New Straits Times', 'news', 'BTH', '#BeyondTheHeadlines']",25,NST Online,2026-06-15T05:23:30Z,9570,51,17,Short,2026-06-16 01:35:31,PT54S
88DKhbus_RE,"MARKET PULSE PM JUNE 15, 2026","Bursa Malaysia extended its rally for the third day, tracking gains across regional equities.

This came as geopolitical risk sentiment improved following an interim agreement between the US and Iran to reopen the Strait of Hormuz.

The ringgit was also firmer against the US dollar, closing at 4.0480.

In the cryptocurrency market, Bitcoin traded higher at RM267,535.

Ethereum and Solana followed suit, rising to RM6,989 and RM290, respectively.

That wraps up today’s Market Pulse.

----------------------------------
#NST #NSTTV

visit us at http://www.nst.com.my 
our Facebook http://www.facebook.com/nstonline
more news at  http://www.twitter.com/NST_Online 
Instagram http://www.instagram.com/nstonline
and also Tiktok https://www.tiktok.com/@nstonline","['nstonline', 'NST', 'New Straits Times', 'news', 'BTH', '#BeyondTheHeadlines']",25,NST Online,2026-06-15T11:00:10Z,249,7,0,Short,2026-06-16 01:35:31,PT43S
_TSfJNZsB-g,BANJIR KILAT | 33 Keluarga Berlindungi Di Dua PPS Di Perak (BU),"Lebih 33 keluarga di dua daerah di Perak terjejas banjir kilat susulan hujan lebat selama beberapa jam semalam.


#BanjirKilat #MangsaBanjir #NegeriPerak #HujanLebat #BuletinUtama

====================

Dapatkan berita terkini, tepat dan sahih dengan ‘SUBSCRIBE’ YouTube Buletin TV3

IKUTI kami di:
Facebook : https://www.facebook.com/BuletinTV3Official/
Twitter : https://twitter.com/BuletinTV3
Instagram : https://www.instagram.com/buletintv3/
Website : https://www.buletintv3.my
TikTok : https://www.tiktok.com/@buletintv3
Telegram : https://t.me/BuletinTV3Official
Whatsapp Channel : https://bit.ly/3SZnJ5L
LUMI : https://bit.ly/3ZhzNBm

Lagi berita terkini dan komprehensif, layari www.buletintv3.my #BuletinTV3 #BeritaTerkini","['BU', 'Buletin TV3', 'buletin utama', 'buletintv3', 'butv3']",25,Buletin TV3,2026-06-15T12:33:52Z,782,10,0,Regular,2026-06-16 01:35:31,PT1M54S
lTPfCEI_PN8,Rohingya say landowner built and offered illegal flats in Sungai Tekali,"Several Rohingya residents in Sungai Tekali have claimed that the illegal flats they occupied were built and offered to them by the landowner. The issue has sparked public concern over illegal settlements, land use and enforcement in the area. 

Authorities have been investigating the matter, while enforcement actions and demolition works are ongoing at parts of the settlement. The case has also renewed discussions on accountability, land ownership and compliance with local laws. 

Read more at:
https://www.nst.com.my/news/nation/2026/06/1463578/rohingya-say-landowner-built-and-offered-illegal-flats-sungai-tekali
----------------------------------
#NST #NSTTV #NSTOnline #Rohingya #SungaiTekali #HuluLangat #Selangor #IllegalSettlement #ImmigrationIssues #MalaysiaNews #CurrentAffairs

visit us at http://www.nst.com.my 
our Facebook http://www.facebook.com/nstonline
more news at  http://www.twitter.com/NST_Online 
Instagram http://www.instagram.com/nstonline
and also Tiktok https://www.tiktok.com/@nstonline","['nstonline', 'NST', 'New Straits Times', 'news', 'BTH', '#BeyondTheHeadlines']",25,NST Online,2026-06-15T03:23:18Z,6490,63,13,Short,2026-06-16 01:35:31,PT1M14S
cQKmGxO9kns,"Pemandu Treler Positif Dadah Direman Empat Hari | Ringkasan Petang, 15 Jun 2026","Ikuti strim langsung Ringkasan Petang yang membawakan tumpuan berita dalam Buletin Utama malam ini bersama penyampai Mior Abdul Malek Raiyani.


====================


Dapatkan berita terkini, tepat dan sahih dengan ‘SUBSCRIBE’ YouTube Buletin TV3


IKUTI kami di:
Facebook : https://www.facebook.com/BuletinTV3Official/
Twitter : https://twitter.com/BuletinTV3
Instagram : https://www.instagram.com/buletintv3/
Website : https://www.buletintv3.my
TikTok : https://www.tiktok.com/@buletintv3
Telegram : https://t.me/BuletinTV3Official
Whatsapp Channel : https://bit.ly/3SZnJ5L
LUMI : https://bit.ly/3ZhzNBm


Lagi berita terkini dan komprehensif, layari www.buletintv3.my


#BuletinTV3 #TV3 #RingkasanPetang #BU #BuletinUtama",[],25,Buletin TV3,2026-06-15T09:37:10Z,1504,11,1,Regular,2026-06-16 01:35:31,PT4M37S
Q3Xar84ltbs,Star Sportcast | EP2: Will it come home for England?,"Hosted by Ng Chia Yin, and answered by S. Saktesh and T. Avineshwaran, the team from Star Sport share their take on the “Golden Generation” of Belgium, who are growing into their roles as leaders, England’s chances for the World Cup, with their first task being Croatia, and also how Cristiano Ronaldo will fare in his sixth World Cup. The panel also share their favourite World Cup songs!

WATCH MORE: https://thestartv.com/c/news
SUBSCRIBE: https://cutt.ly/TheStar
LIKE: https://fb.com/TheStarOnline","['news', 'the star tv', 'the star', 'thestartv', 'star sportcast', 'malaysia', 'fifa', 'world cup', 'england', 'egypt', 'belgium', 'france', 't. avineshwaran', 's. saktesh', 'ng chia yin', 'football', 'soccer', 'show', 'podcast', 'cristiano ronaldo', 'portugal', 'senegal', 'congo dr']",25,The Star,2026-06-15T01:00:38Z,175,2,0,Regular,2026-06-16 01:35:31,PT19M9S
ybYcud7KAQk,KEMALANGAN MAUT | Pemandu Treler Positif Dadah Direman Empat Hari,"Pemandu treler terlibat dalam nahas maut empat sekeluarga di Lebuhraya Kuala Lumpur - Karak, semalam, direman empat hari untuk siasatan. #BuletinTV3 #Kemalangan #Dadah #Nahas

====================

Dapatkan berita terkini, tepat dan sahih dengan ‘SUBSCRIBE’ YouTube Buletin TV3

IKUTI kami di:
Facebook : https://www.facebook.com/BuletinTV3Official/
Twitter : https://twitter.com/BuletinTV3
Instagram : https://www.instagram.com/buletintv3/
Website : https://www.buletintv3.my
TikTok : https://www.tiktok.com/@buletintv3
Telegram : https://t.me/BuletinTV3Official
Whatsapp Channel : https://bit.ly/3SZnJ5L
LUMI : https://bit.ly/3ZhzNBm

Lagi berita terkini dan komprehensif, layari www.buletintv3.my #BuletinTV3 #BeritaTerkini","['BU', 'Buletin TV3', 'buletin utama', 'buletintv3', 'butv3']",25,Buletin TV3,2026-06-15T05:48:02Z,3311,27,14,Regular,2026-06-16 01:35:31,PT1M6S
CEeXyZn0hg0,"Malaysia's Rohingya resettlement programme stalled as third countries halt intake, says IGP","Malaysia's long-standing programme to resettle Rohingya refugees and other displaced persons to third countries has slowed significantly and is now largely at a standstill due to challenges faced by receiving nations, says Inspector-General of Police Tan Sri Mohd Khalid Ismail.

Read more at https://tinyurl.com/2xhex5b6

WATCH MORE: https://thestartv.com/c/news
SUBSCRIBE: https://cutt.ly/TheStar
LIKE: https://fb.com/TheStarOnline","['news', 'the star tv', 'the star', 'thestartv', 'rohingya', 'malaysia', 'unhcr', 'resettlement', 'igp', 'mohd khalid ismail']",25,The Star,2026-06-15T08:30:40Z,32175,329,177,Regular,2026-06-16 01:35:31,PT6M1S
3fT26kAI3A0,PERANG ASIA BARAT | Harga Minyak Susut Lebih 4% Selepas Selat Hormuz Dibuka Semula,"Harga minyak menjunam lebih empat peratus selepas Amerika Syarikat dan Iran mencapai persetujuan untuk menamatkan perang di Asia Barat. #BuletinTV3 #PerangAsiaBarat #HargaMinyak #Iran #AS

====================

Dapatkan berita terkini, tepat dan sahih dengan ‘SUBSCRIBE’ YouTube Buletin TV3

IKUTI kami di:
Facebook : https://www.facebook.com/BuletinTV3Official/
Twitter : https://twitter.com/BuletinTV3
Instagram : https://www.instagram.com/buletintv3/
Website : https://www.buletintv3.my
TikTok : https://www.tiktok.com/@buletintv3
Telegram : https://t.me/BuletinTV3Official
Whatsapp Channel : https://bit.ly/3SZnJ5L
LUMI : https://bit.ly/3ZhzNBm

Lagi berita terkini dan komprehensif, layari www.buletintv3.my #BuletinTV3 #BeritaTerkini","['BU', 'Buletin TV3', 'buletin utama', 'buletintv3', 'butv3']",25,Buletin TV3,2026-06-15T05:46:28Z,991,18,2,Regular,2026-06-16 01:35:31,PT1M51S
GorUdkYterM,SPRM | Individu Terbabit Kes Seleweng Dana Awam Hadapi 158 Pertuduhan Esok (BU),"Suruhanjaya Pencegahan Rasuah Malaysia (SPRM) akan mendakwa seorang individu yang terbabit kes penyelewengan dana awam berprofil tinggi menerusi Op Sutra, esok. 


Ketua Pesuruhjaya SPRM, Datuk Seri Abd Halim Aman berkata suspek akan berdepan 158 pertuduhan di Mahkamah Sesyen Shah Alam.


#KesRasuah #OpSutra #SelewengDanaAwam #SPRM #BuletinUtama
====================

Dapatkan berita terkini, tepat dan sahih dengan ‘SUBSCRIBE’ YouTube Buletin TV3

IKUTI kami di:
Facebook : https://www.facebook.com/BuletinTV3Official/
Twitter : https://twitter.com/BuletinTV3
Instagram : https://www.instagram.com/buletintv3/
Website : https://www.buletintv3.my
TikTok : https://www.tiktok.com/@buletintv3
Telegram : https://t.me/BuletinTV3Official
Whatsapp Channel : https://bit.ly/3SZnJ5L
LUMI : https://bit.ly/3ZhzNBm

Lagi berita terkini dan komprehensif, layari www.buletintv3.my #BuletinTV3 #BeritaTerkini","['BU', 'Buletin TV3', 'buletin utama', 'buletintv3', 'butv3']",25,Buletin TV3,2026-06-15T12:31:27Z,402,4,3,Regular,2026-06-16 01:35:31,PT1M25S
qJlpzIR-22A,"MARKET PULSE AM JUNE 15, 2026","Pentech made a strong debut on the ACE Market, surging 44 per cent to open at 29 sen, compared with its IPO price of 20 sen.

About 90 million shares changed hands during early trading, giving it a market capitalisation of RM161.2 million.

Bursa Malaysia opened on a firmer footing as investor sentiment improved following reports of a peace agreement between the United States and Iran, as well as the reopening of the Strait of Hormuz.

The benchmark index opened at around 1,690 and is expected to trade within the 1,680 to 1,690 range throughout the day.

In the cryptocurrency market, Bitcoin is trading at RM264,549, while Ethereum hovered at RM6,931.

That’s it for Market Pulse.
----------------------------------
#NST #NSTTV

visit us at http://www.nst.com.my 
our Facebook http://www.facebook.com/nstonline
more news at  http://www.twitter.com/NST_Online 
Instagram http://www.instagram.com/nstonline
and also Tiktok https://www.tiktok.com/@nstonline","['nstonline', 'NST', 'New Straits Times', 'news', 'BTH', '#BeyondTheHeadlines']",25,NST Online,2026-06-15T03:05:52Z,577,8,1,Short,2026-06-16 01:35:31,PT1M5S
4A_JIvBog68,"Star Karnival Cuti-Cuti Malaysia 2026 @East Coast Mall, Kuantan (3 - 5 July 2026)","Join us at Star Karnival Cuti-Cuti Malaysia 2026 🎉 happening at East Coast Mall (3 - 5 July 2026)

Find travel inspiration, exclusive deals and win exciting gifts! 🇲🇾✨","['news', 'the star tv', 'the star', 'cuti-cuti malaysia', '2026', 'east coast mall', 'kuantan', 'star karnival']",25,The Star,2026-06-15T07:33:07Z,194,2,0,Regular,2026-06-16 01:35:31,PT17S
4j6elsqsdqg,"Loan sharks getting more aggressive and deceptive, warns Michael Chong","Malaysia's loan shark problem is escalating, with MCA receiving 159 complaints involving nearly RM16 million in loans as of June. 

Its Public Services and Complaints Department head Datuk Seri Michael Chong warned that syndicates are using increasingly deceptive tactics, including charging victims for red-paint attacks they orchestrated themselves, and imposing interest as high as RM21,000 on a RM1,000 loan. 

WATCH MORE: https://thestartv.com/c/news
SUBSCRIBE: https://cutt.ly/TheStar
LIKE: https://fb.com/TheStarOnline","['news', 'the star tv', 'the star']",25,The Star,2026-06-15T10:29:56Z,1377,10,5,Regular,2026-06-16 01:35:31,PT3M36S
wXu4eP-H3Z0,"4 Sekeluarga Maut: Proses Bedah Siasat Dijalankan Pagi Ini | Buletin Pagi, 15 Jun 2026","Buletin Pagi siaran Isnin, 15 Jun 2026 bersama penyampai Amirulhakim Lokman.


====================


Dapatkan berita terkini, tepat dan sahih dengan ‘SUBSCRIBE’ YouTube Buletin TV3


IKUTI kami di:
Facebook : https://www.facebook.com/BuletinTV3Official/
Twitter : https://twitter.com/BuletinTV3
Instagram : https://www.instagram.com/buletintv3/
Website : https://www.buletintv3.my
TikTok : https://www.tiktok.com/@buletintv3
Telegram : https://t.me/BuletinTV3Official
Whatsapp Channel : https://bit.ly/3SZnJ5L
LUMI : https://bit.ly/3ZhzNBm


Lagi berita terkini dan komprehensif, layari www.buletintv3.my


#BuletinTV3 #TV3 #BuletinPagi",[],25,Buletin TV3,2026-06-15T02:02:13Z,23458,168,5,Regular,2026-06-16 01:35:31,PT28M38S
Z7lqw3zUtLs,Iran team gets Mexican send-off before traveling to the US,"Iran's national football squad left their Tijuana base camp to a rousing send-off on Sunday (June 14), with supporters lining five-deep on a packed sidewalk outside their hotel on the eve of their World Cup opener against New Zealand in Los Angeles.

WATCH MORE: https://thestartv.com/c/news
SUBSCRIBE: https://cutt.ly/TheStar
LIKE: https://fb.com/TheStarOnline","['news', 'the star tv', 'the star', 'thestartv', 'iran', 'mexico', 'football', 'worldcup2026', 'tijuana', 'fans']",25,The Star,2026-06-15T06:40:36Z,1648,49,4,Regular,2026-06-16 01:35:31,PT54S
Vh1xuvRkM-4,[EP93] Gen Z: Softer or Smarter?,"Work hard. Push through. Keep going. For decades, that was the accepted formula for success. But is a new generation rewriting the rules? In this episode, host Intan is joined by Azroz and John Tan to unpack the growing divide between traditional commitment culture and today's emphasis on boundaries, wellbeing and balance.
----------------------------------
#NST #NSTTV

visit us at http://www.nst.com.my 
our Facebook http://www.facebook.com/nstonline
more news at  http://www.twitter.com/NST_Online 
Instagram http://www.instagram.com/nstonline
and also Tiktok https://www.tiktok.com/@nstonline","['nstonline', 'NST', 'New Straits Times', 'news', 'BTH', '#BeyondTheHeadlines']",25,NST Online,2026-06-15T06:56:22Z,28,2,0,Regular,2026-06-16 01:35:31,PT37M50S
OZqPaTH-hkc,"AS - Iran Capai Perjanjian Damai | Buletin 1.30, 15 Jun 2026","Buletin 1.30 siaran Isnin, 15 Jun 2026 bersama penyampai Amirulhakim Lokman.


====================


Dapatkan berita terkini, tepat dan sahih dengan ‘SUBSCRIBE’ YouTube Buletin TV3


IKUTI kami di:
Facebook : https://www.facebook.com/BuletinTV3Official/
Twitter : https://twitter.com/BuletinTV3
Instagram : https://www.instagram.com/buletintv3/
Website : https://www.buletintv3.my
TikTok : https://www.tiktok.com/@buletintv3
Telegram : https://t.me/BuletinTV3Official
Whatsapp Channel : https://bit.ly/3SZnJ5L
LUMI : https://bit.ly/3ZhzNBm


Lagi berita terkini dan komprehensif, layari www.buletintv3.my


#BuletinTV3 #TV3 #Buletin130 #B130",[],25,Buletin TV3,2026-06-15T06:02:15Z,31046,207,9,Regular,2026-06-16 01:35:31,PT28M39S
ZVmOQTj8Vfg,"JABATAN INSOLVENSI | Pulau, Helikopter Antara Aset Dilelong 26 Jun Ini (BU)","Sebuah pulau, helikopter dan kapal layar antara aset bakal dilelong pada Karnival Jelajah Dasar Peluang Kedua Insolvensi 2026 bermula 26 Jun ini.


#JabatanInsolvensi #AsetLelong #DasarPeluangKedua #KarnivalInsolvensi #BuletinUtama

====================

Dapatkan berita terkini, tepat dan sahih dengan ‘SUBSCRIBE’ YouTube Buletin TV3

IKUTI kami di:
Facebook : https://www.facebook.com/BuletinTV3Official/
Twitter : https://twitter.com/BuletinTV3
Instagram : https://www.instagram.com/buletintv3/
Website : https://www.buletintv3.my
TikTok : https://www.tiktok.com/@buletintv3
Telegram : https://t.me/BuletinTV3Official
Whatsapp Channel : https://bit.ly/3SZnJ5L
LUMI : https://bit.ly/3ZhzNBm

Lagi berita terkini dan komprehensif, layari www.buletintv3.my #BuletinTV3 #BeritaTerkini","['BU', 'Buletin TV3', 'buletin utama', 'buletintv3', 'butv3']",25,Buletin TV3,2026-06-15T12:33:08Z,390,4,1,Regular,2026-06-16 01:35:31,PT1M34S
mX4YhzWPg_A,"ISU ROHINGYA | Ada Pihak Yang Tawar, Galak Rohingya Berniaga - Azalina","====================

Dapatkan berita terkini, tepat dan sahih dengan ‘SUBSCRIBE’ YouTube Buletin TV3

Lagi berita terkini dan komprehensif, layari www.buletintv3.my

IKUTI kami di:
Facebook : https://www.facebook.com/BuletinTV3Official/
Twitter : https://twitter.com/BuletinTV3
Instagram : https://www.instagram.com/buletintv3/
Website : https://www.buletintv3.my
TikTok  : https://www.tiktok.com/@buletintv3 
Telegram : https://t.me/BuletinTV3Official
Whatsapp Channel : https://bit.ly/3SZnJ5L

#BuletinTV3 #TV3 #BuletinUtama","['Buletin TV3', 'berita semasa', 'berita terkini', 'perkembangan semasa', 'buletin malaysia', 'berita malaysia', 'tonton', 'ntv7', '8tv', 'astro awani', 'berita rtm', 'berita tv9', 'news Malaysia', 'news malay', 'news mpb', 'trending nombor 1', 'trending', 'trending worldwide']",25,Buletin TV3,2026-06-15T13:36:52Z,5103,183,58,Short,2026-06-16 01:35:31,PT1M17S
UwgpR4nvD2Q,Police investigating viral claims linking Rosmah to US$13mil property purchase,"Police are investigating viral social media claims linking Datin Seri Rosmah Mansor to the alleged purchase of a US$13 million luxury property for her son-in-law. Inspector-General of Police Tan Sri Mohd Khalid Ismail said preliminary findings suggest the accounts circulating the allegations may be fake. 

Authorities are working with relevant agencies, including the Malaysian Communications and Multimedia Commission (MCMC), to verify the authenticity of the claims. Police have urged the public not to speculate while investigations are ongoing.

---------------------------------
#NST #NSTTV #NSTOnline #RosmahMansor #PDRM #FakeNews #SocialMedia #PoliceInvestigation #MCMC #MalaysiaNews #CurrentAffairs

visit us at http://www.nst.com.my 
our Facebook http://www.facebook.com/nstonline
more news at  http://www.twitter.com/NST_Online 
Instagram http://www.instagram.com/nstonline
and also Tiktok https://www.tiktok.com/@nstonline",[],25,NST Online,2026-06-15T10:00:38Z,4264,30,4,Short,2026-06-16 01:35:31,PT1M15S
wWLesd-fF8g,Anwar: People suffer when politicians stir racial tensions,"Prime Minister Datuk Seri Anwar Ibrahim has warned that ordinary Malaysians are the ones who suffer when politicians exploit racial issues for political gain. He urged political leaders to focus on justice, good governance and national development instead of stoking racial tensions for support. 

Anwar stressed that Malaysia's strength lies in its diversity and unity, calling on all parties to reject divisive rhetoric that could undermine social harmony and national progress.

----------------------------------
#NST #NSTTV #NSTOnline #AnwarIbrahim #PMX #MalaysiaMadani #NationalUnity #RaceRelations #MalaysiaPolitics #PolitikMalaysia #PerpaduanNasional

visit us at http://www.nst.com.my 
our Facebook http://www.facebook.com/nstonline
more news at  http://www.twitter.com/NST_Online 
Instagram http://www.instagram.com/nstonline
and also Tiktok https://www.tiktok.com/@nstonline","['nstonline', 'NST', 'New Straits Times', 'news', 'BTH', '#BeyondTheHeadlines']",25,NST Online,2026-06-15T10:34:43Z,2688,32,7,Short,2026-06-16 01:35:31,PT40S
c_nvOMtFx8M,"MTSB bill to be tabled in October Parliament sitting, says Loke","The Malaysia Transport Safety Board (MTSB) is progressing as planned, but the bill to formally establish it will not be tabled in the upcoming Parliament session.

Transport Minister Anthony Loke said the MTSB has received Cabinet approval for its establishment, but discussions are still ongoing on its responsibilities and legal framework.

WATCH MORE: https://thestartv.com/c/news
SUBSCRIBE: https://cutt.ly/TheStar
LIKE: https://fb.com/TheStarOnline","['news', 'the star tv', 'the star', 'thestartv', 'loke', 'transport minister', 'mtsb', 'approval', 'cabinet', 'legal framework', 'parliament', 'progress']",25,The Star,2026-06-15T13:53:38Z,290,5,2,Regular,2026-06-16 01:35:31,PT2M21S
qZ-xCoSuAoc,KES CULIK | Dua Mangsa Culik Di Kelantan Diselamatkan Di Thailand,"Dua rakyat Malaysia ditemui selamat di Mundok, Thailand selepas diculik, masing-masing di Pasir Mas dan Tumpat. #BuletinTV3 #KesCulik #Malaysia #Thailand

====================

Dapatkan berita terkini, tepat dan sahih dengan ‘SUBSCRIBE’ YouTube Buletin TV3

IKUTI kami di:
Facebook : https://www.facebook.com/BuletinTV3Official/
Twitter : https://twitter.com/BuletinTV3
Instagram : https://www.instagram.com/buletintv3/
Website : https://www.buletintv3.my
TikTok : https://www.tiktok.com/@buletintv3
Telegram : https://t.me/BuletinTV3Official
Whatsapp Channel : https://bit.ly/3SZnJ5L
LUMI : https://bit.ly/3ZhzNBm

Lagi berita terkini dan komprehensif, layari www.buletintv3.my #BuletinTV3 #BeritaTerkini","['BU', 'Buletin TV3', 'buletin utama', 'buletintv3', 'butv3']",25,Buletin TV3,2026-06-15T05:54:23Z,1539,25,7,Regular,2026-06-16 01:35:31,PT1M40S
PpJK827GzeI,TUMPUAN BULETIN UTAMA | Caj RM1 Di Mesin ATM Dimansuhkan Bermula 1 Julai,"Tumpuan Buletin Utama | 14 Jun 2026


KEMALANGAN MAUT | Jenazah 4 Sekeluarga Selamat Dikebumikan Dalam Satu Liang Lahad


KEMALANGAN MAUT | Keluarga Mahu Tindakan Tegas Terhadap Pemandu Treler


KEMALANGAN MAUT | Pemandu Treler Positif Dadah Direman Empat Hari


ISU ROHINGYA | Ada Pihak Yang Tawar, Galak Rohingya Berniaga - Azalina


ISU ROHINGYA | 7,000 Hingga 8,000 Dihantar Ke Negara Ketiga Setiap Tahun - KPN


ISU ROHINGYA | Hampir Setiap Warga Myanmar Cuba Seludup Masuk Melalui Tak Bai - Polis


ISU ROHINGYA | Penempatan Wujud Di Hampir Semua Daerah Di Selangor


CAJ RM1 | Pengeluaran Wang Tunai Percuma Di Semua Mesin ATM, SRM Mulai 1 Julai


CAJ RM1 | Orang Ramai Sambut Baik Keputusan Mansuh Caj

====================

Dapatkan berita terkini, tepat dan sahih dengan ‘SUBSCRIBE’ YouTube Buletin TV3

IKUTI kami di:
Facebook : https://www.facebook.com/BuletinTV3Official/
Twitter : https://twitter.com/BuletinTV3
Instagram : https://www.instagram.com/buletintv3/
Website : https://www.buletintv3.my
TikTok : https://www.tiktok.com/@buletintv3
Telegram : https://t.me/BuletinTV3Official
Whatsapp Channel : https://bit.ly/3SZnJ5L
LUMI : https://bit.ly/3ZhzNBm

Lagi berita terkini dan komprehensif, layari www.buletintv3.my #BuletinTV3 #BeritaTerkini","['BU', 'Buletin TV3', 'buletin utama', 'buletintv3', 'butv3']",25,Buletin TV3,2026-06-15T12:43:39Z,1277,15,1,Regular,2026-06-16 01:35:31,PT8M19S
-lJ2aF-5sEQ,"Nightline, 16 June 2026","Nightline on Tuesday, 16 June 2026 with Zahir Kelvin Ong Abdullah.


====================


SUBSCRIBE our YouTube channel for latest updates and breaking news.


FOLLOW us on:
Facebook : https://www.facebook.com/BuletinTV3Official/
Twitter : https://twitter.com/BuletinTV3
Instagram : https://www.instagram.com/buletintv3/
Website : https://www.buletintv3.my
TikTok : https://www.tiktok.com/@buletintv3
Telegram : https://t.me/BuletinTV3Official
Whatsapp Channel : https://bit.ly/3SZnJ5L
LUMI : https://bit.ly/3ZhzNBm


#BuletinTV3 #TV3 #Nightline",[],25,Buletin TV3,2026-06-15T16:36:22Z,487,11,0,Regular,2026-06-16 01:35:31,PT37M58S
xj3GMetPBjo,NAHAS UDARA | 12 Maut Pesawat Penerjun Udara Terhempas Di Missouri,"Sekurang-kurangnya 12 maut apabila sebuah pesawat yang membawa penerjun udara terhempas di Missouri, Amerika Syarikat. #BuletinTV3 #NahasUdara #Missouri #PesawatTerhempas

====================

Dapatkan berita terkini, tepat dan sahih dengan ‘SUBSCRIBE’ YouTube Buletin TV3

IKUTI kami di:
Facebook : https://www.facebook.com/BuletinTV3Official/
Twitter : https://twitter.com/BuletinTV3
Instagram : https://www.instagram.com/buletintv3/
Website : https://www.buletintv3.my
TikTok : https://www.tiktok.com/@buletintv3
Telegram : https://t.me/BuletinTV3Official
Whatsapp Channel : https://bit.ly/3SZnJ5L
LUMI : https://bit.ly/3ZhzNBm

Lagi berita terkini dan komprehensif, layari www.buletintv3.my #BuletinTV3 #BeritaTerkini","['BU', 'Buletin TV3', 'buletin utama', 'buletintv3', 'butv3']",25,Buletin TV3,2026-06-15T01:55:44Z,5991,58,1,Regular,2026-06-16 01:35:31,PT47S
ujvOsJbrvMg,"KL's 10,000 CCTV cameras an effective tool to support law enforcement, efficiency, says IGP","The installation of 10,000 closed-circuit television (CCTV) cameras across Kuala Lumpur since 2020 has significantly enhanced police investigations and operational efficiency, says Tan Sri Mohd Khalid Ismail. 

The Inspector-General of Police said the extensive CCTV network has proven to be an effective tool in supporting law enforcement efforts, particularly as the police force continues to leverage technology to improve public safety.

Read more at https://tinyurl.com/2v86e4wy

WATCH MORE: https://thestartv.com/c/news
SUBSCRIBE: https://cutt.ly/TheStar
LIKE: https://fb.com/TheStarOnline","['news', 'the star tv', 'the star', 'thestartv', 'cctv', 'kuala lumpur', 'efficiency', 'effective tool', 'technology', 'mohd khalid ismail']",25,The Star,2026-06-15T09:12:23Z,787,9,4,Regular,2026-06-16 01:35:31,PT1M
w3Qn20cZ3eg,"""Don't bet what you can't afford”: World Cup betting fuels loan shark trap","Loan shark and online gambling syndicates are believed to be operated by the same criminal groups and the World Cup season is making things worse. 

MCA Youth deputy chief Mike Chong Yew Chuan warned that gamblers who lose money during major sporting events are frequently targeted by loan sharks offering quick loans to cover their debts.

WATCH MORE: https://thestartv.com/c/news
SUBSCRIBE: https://cutt.ly/TheStar
LIKE: https://fb.com/TheStarOnline","['news', 'the star tv', 'the star', 'thestartv', 'worldcup2026', 'betting', 'gambling', 'loan shark', 'ah long', 'mike chong', 'mca']",25,The Star,2026-06-15T09:18:53Z,1431,12,10,Regular,2026-06-16 01:35:31,PT2M
1dTCJLSaTr4,Protesters clash with police in Geneva during anti-G7 demonstration,"Geneva police on Sunday (June 14) fired teargas at protesters who smashed windows at a United Nations agency as they vented their anger at a Group of Seven summit about to take place across the border in France.

WATCH MORE: https://thestartv.com/c/news
SUBSCRIBE: https://cutt.ly/TheStar
LIKE: https://fb.com/TheStarOnline","['news', 'the star tv', 'the star', 'thestartv', 'geneva', 'g7', 'protest', 'capitalism', 'evian-les-bains', 'tesla', 'musk']",25,The Star,2026-06-15T06:49:28Z,307,5,0,Regular,2026-06-16 01:35:31,PT1M22S
3-PNtLSJRGs,PM announces RM1mil for residents at Bukit Kiara longhouse project,"Putrajaya has approved RM1mil for residents involved in the Bukit Kiara longhouse resettlement and redevelopment project, says Prime Minister Datuk Seri Anwar Ibrahim.

Read more at https://tinyurl.com/2sajh86p

WATCH MORE: https://thestartv.com/c/news
SUBSCRIBE: https://cutt.ly/TheStar
LIKE: https://fb.com/TheStarOnline","['news', 'the star tv', 'the star', 'thestartv', 'kuala lumpur', 'putrajaya', 'rm1mil', 'bukit kiara', 'longhouse', 'anwar ibrahim', 'prime minister', 'relocation', 'taman rimba kiara', 'housing']",25,The Star,2026-06-15T12:19:56Z,1253,22,1,Regular,2026-06-16 01:35:31,PT6M51S
uVfo_kvTO5w,"FILEM POLONG | Cetus Fenomena Luar Biasa, Kutipan Pecah Panggung RM14.2 Juta","====================

Dapatkan berita terkini, tepat dan sahih dengan ‘SUBSCRIBE’ YouTube Buletin TV3

Lagi berita terkini dan komprehensif, layari www.buletintv3.my

IKUTI kami di:
Facebook : https://www.facebook.com/BuletinTV3Official/
Twitter : https://twitter.com/BuletinTV3
Instagram : https://www.instagram.com/buletintv3/
Website : https://www.buletintv3.my
TikTok  : https://www.tiktok.com/@buletintv3 
Telegram : https://t.me/BuletinTV3Official
Whatsapp Channel : https://bit.ly/3SZnJ5L

#BuletinTV3 #TV3 #BuletinUtama","['Buletin TV3', 'berita semasa', 'berita terkini', 'perkembangan semasa', 'buletin malaysia', 'berita malaysia', 'tonton', 'ntv7', '8tv', 'astro awani', 'berita rtm', 'berita tv9', 'news Malaysia', 'news malay', 'news mpb', 'trending nombor 1', 'trending', 'trending worldwide']",25,Buletin TV3,2026-06-15T13:36:04Z,1639,56,0,Short,2026-06-16 01:35:31,PT1M5S
